id,title,description,release_at,rating
1,Little Singham - Black Shadow,Kid cop Little Singham loses all his superpowers while trying to stop the demon Kaal’s new evil plans! Can his inner strength help him defeat the enemy?,2021,TV-Y7
2,Firedrake the Silver Dragon,"When his home is threatened by humans, a young dragon summons the courage to seek a mythical paradise where dragons can live in peace and fly free.",2021,TV-Y7
3,The Loud House Movie,"With his parents and all 10 sisters in tow, Lincoln Loud heads to Scotland and learns that royalty runs in the family in this global musical journey!",2021,TV-Y7
4,Trollhunters: Rise of the Titans,"Heroes from ""Trollhunters,"" ""3Below"" and ""Wizards"" join forces to fight a shadowy enemy threatening to take over their worlds — and reset Earth itself.",2021,TV-Y7
5,Dog Gone Trouble,The privileged life of a pampered dog named Trouble is turned upside-down when he gets lost and must learn to survive on the big-city streets.,2021,TV-Y7
6,Little Singham Future mein Satakli,"Little Singham and his crew travel to the year 2050 to rescue kids from the evil rule of Junglee Joker, who has forbidden them from laughter or play!",2021,TV-Y7
7,Jungle Beat: The Movie,"When a lost and lonely alien crash-lands on Earth, his new crew of talking animal friends helps him get back home — and try to save the world!",2021,TV-Y7
8,Arlo the Alligator Boy,"To find the father he never knew, optimistic Arlo leaves his swampy Southern home for New York City, making friends along the way. A musical adventure.",2021,TV-Y7
9,The Last Kids on Earth: Happy Apocalypse to You,"Help Jack and his monster-battling friends make choices to stay alive — and have some fun — in this interactive ""Last Kids on Earth"" adventure!",2021,TV-Y7
10,Secret Magic Control Agency,"Hansel and Gretel of fairy tale fame — now acting as secret agents — must use magic, clever thinking and teamwork on a mission to find a missing king.",2021,TV-Y7
11,Bigfoot Family,"Bigfoot’s now a big deal. So when he goes missing, his shy but tech-savvy teen son must take on an evil CEO to save his family and a wildlife preserve.",2021,TV-Y7
12,Xico's Journey,"A girl, a dog and her best pal set out to save a mountain from a gold-hungry corporation. But the key lies closer to home, with her sidekick pup, Xico.",2021,TV-Y7
13,Charming,"On the eve of his 21st birthday, an adored prince must find his one, true soulmate before a spell takes away all love from his kingdom.",2021,TV-Y7
14,Go! Go! Cory Carson: Chrissy Takes the Wheel,"From arcade games to sled days and hiccup cures, Cory Carson’s curious little sister Chrissy speeds off on her own for fun and adventure all over town!",2021,TV-Y
15,A StoryBots Space Adventure,Join the StoryBots and the space travelers of the historic Inspiration4 mission as they search for answers to kids' questions about space.,2021,TV-Y
16,Barbie Big City Big Dreams,"At a summer performing arts program in New York City, Barbie from Malibu meets Barbie from Brooklyn, and the two become fast friends.",2021,TV-Y
17,Super Monsters: Once Upon a Rhyme,"From Goldilocks to Hansel and Gretel, the Super Monsters reimagine classic fairy tales and favorite nursery rhymes with a musical, magical spin!",2021,TV-Y
18,Barbie & Chelsea: The Lost Birthday,"When Barbie’s sister Chelsea thinks her birthday has been skipped, she hunts for a magic gem on a jungle island that will grant her wish to get it back.",2021,TV-Y
19,Octonauts & the Ring of Fire,"When red-hot volcanoes start a chain reaction of disasters across the ocean, the Octonauts must work together to face their biggest challenge yet.",2021,TV-Y
20,Confessions of an Invisible Girl,"When the clever but socially-awkward Tetê joins a new school, she'll do anything to fit in. But the queen bee among her classmates has other ideas.",2021,TV-PG
21,Nightbooks,Scary story fan Alex must tell a spine-tingling tale every night — or stay trapped with his new friend in a wicked witch's magical apartment forever.,2021,TV-PG
22,Afterlife of the Party,Cassie lives to party... until she dies in a freak accident. Now this social butterfly needs to right her wrongs on Earth if she wants to earn her wings.,2021,TV-PG
23,Untold: Caitlyn Jenner,Caitlyn Jenner's unlikely path to Olympic glory was inspirational. But her more challenging road to embracing her true self proved even more meaningful.,2021,TV-PG
24,Monster Hunter: Legends of the Guild,"In a world where humans and fearsome monsters live in an uneasy balance, young hunter Aiden fights to save his village from destruction by a dragon.",2021,TV-PG
25,A Perfect Fit,"Sparks fly when a fashion blogger in Bali meets a gifted shoemaker, leading her to question her commitment to her fiancé.",2021,TV-PG
26,Lift Like a Girl,"With the guidance of her relentless coach, a teen weightlifter emerges from a scrappy training camp in Egypt to compete at the championship level.",2021,TV-PG
27,Day of Destiny,"With their family facing financial woes, two teen brothers seize an opportunity to reverse their bad fortunes by traveling 20 years back in time.",2021,TV-PG
28,Sarbath,"When a city man returns to his native village for his brother’s wedding, several unforeseen snags make his visit more eventful than anticipated.",2021,TV-PG
29,Breaking Boundaries: The Science Of Our Planet,David Attenborough and scientist Johan Rockström examine Earth's biodiversity collapse and how this crisis can still be averted.,2021,TV-PG
30,Blue Miracle,"To save their cash-strapped orphanage, a guardian and his kids partner with a washed-up boat captain for a chance to win a lucrative fishing competition.",2021,TV-PG
31,Dolly Parton: A MusiCares Tribute,"In a star-studded evening of music and memories, a community of iconic performers honor Dolly Parton as the MusiCares Person of the Year.",2021,TV-PG
32,7 Yards: The Chris Norton Story,"The true story of former college football player Chris Norton, who defied the odds after a devastating accident — with the woman he loves by his side.",2021,TV-PG
33,Marked,"This documentary explores Nigeria’s cultural practice of marking, including its origins and meaning as a symbol of identity, beauty and spirituality.",2021,TV-PG
34,A Week Away,"In this uplifting musical, a troubled teen takes a leap of faith by attending summer camp — and unexpectedly finds love, friends and a place to belong.",2021,TV-PG
35,Pagglait,"Widowed soon after marriage, a young woman grapples with an inability to grieve, quirky relatives and a startling discovery about her late husband.",2021,TV-PG
36,Geez & Ann,"After falling for Geez, a heartthrob at school, Ann must confront family opposition, heartache and deception as their romance struggles.",2021,TV-PG
37,Animals on the Loose: A You vs. Wild Movie,"When wild animals escape from a sanctuary, Bear Grylls — and you — must pursue them and secure their protective habitat. An interactive special.",2021,TV-PG
38,June & Kopi,"A street dog is taken in by a young couple, and the family pit becomes an instant accomplice as she adjusts to her new, loving home.",2021,TV-PG
39,Wish You,"Singing and dreaming together, a talented singer-songwriter and a same-aged keyboardist add harmony and love to each other’s lives.",2021,TV-PG
40,Je Suis Karl,"After most of her family is murdered in a terrorist bombing, a young woman is unknowingly lured into joining the very group that killed them.",2021,TV-MA
41,The Father Who Moves Mountains,"When his son goes missing during a snowy hike in the mountains, a retired intelligence officer will stop at nothing — and risk everything — to find him.",2021,TV-MA
42,The Stronghold,"Tired of the small-time grind, three Marseille cops get a chance to bust a major drug network. But lines blur when a key informant makes a big ask.",2021,TV-MA
43,Prey,A hiking trip into the wild turns into a desperate bid for survival for five friends on the run from a mysterious shooter.,2021,TV-MA
44,JJ+E,"Elisabeth and John-John live in the same city, but they inhabit different worlds. Can a passionate first love break through class and cultural barriers?",2021,TV-MA
45,Untold: Breaking Point,"Under pressure to continue a winning tradition in American tennis, Mardy Fish faced mental health challenges that changed his life on and off the court.",2021,TV-MA
46,Untold: Crime & Penalties,"They were the bad boys of hockey — a team bought by a man with mob ties, run by his 17-year-old son, and with a rep for being as violent as they were good.",2021,TV-MA
47,The River Runner,"In this documentary, a kayaker sets out to become the first man to paddle the four great rivers that flow from Tibet's sacred Mount Kailash.",2021,TV-MA
48,Count Me In,This documentary features some of rock's greatest drummers as they come together in an inspiring rhythmic journey about the power of human connection.,2021,TV-MA
49,The Witcher: Nightmare of the Wolf,"Escaping from poverty to become a witcher, Vesemir slays monsters for coin and glory, but when a new menace rises, he must face the demons of his past.",2021,TV-MA
50,Man in Love,"When he meets a debt-ridden woman who's caring for her ailing father, a debt collector with a heart of gold sets out to win her love.",2021,TV-MA
51,Black Island,The dark secrets of a seemingly peaceful island threaten to swallow up an orphaned student when he grows close to a mysterious new teacher.,2021,TV-MA
52,Memories of a Murderer: The Nilsen Tapes,Serial killer Dennis Nilsen narrates his life and horrific crimes via a series of chilling audiotapes recorded from his jail cell.,2021,TV-MA
53,Untold: Deal With the Devil,"Christy Martin broke boundaries and noses as she rose in the boxing world, but her public persona belied personal demons, abuse and a threat on her life.",2021,TV-MA
54,Beckett,An American tourist goes on the run in Greece after a tragic accident plunges him into a political conspiracy that makes him a target for assassination.,2021,TV-MA
55,Lokillo: Nothing's the Same,"Through songs and puns, comedian Lokillo Florez hilariously reviews how Latin Americans have adjusted to a new world where no-hugging policies prevail.",2021,TV-MA
56,Untold: Malice at the Palace,"Key figures from an infamous 2004 incident between players and fans at an NBA game in Michigan discuss the fight, its fallout and its lasting legacy.",2021,TV-MA
57,Slay,"In pursuit of both success and validation, a group of tech-savvy individuals juggle intimate encounters, first impressions and romantic opportunities.",2021,TV-MA
58,Aftermath,"Desperate to save their marriage, a young couple takes a deal and moves into their dream home, but disturbing events reveal the house's troubled history.",2021,TV-MA
59,Shiny_Flakes: The Teenage Drug Lord,"Max S. reveals how he built a drug empire from his childhood bedroom in this story that inspired the series ""How to Sell Drugs Online (Fast).""",2021,TV-MA
60,Rurouni Kenshin: The Beginning,"Before he was a protector, Kenshin was a fearsome assassin known as Battosai. But when he meets the gentle Tomoe Yukishiro, his story begins to change.",2021,TV-MA
61,The Last Mercenary,A legendary secret agent-turned-mercenary comes out of hiding to save the son he's never met. Learning how to be a dad may be his toughest mission yet.,2021,TV-MA
62,Bartkowiak,"After his brother dies in a car crash, a disgraced MMA fighter takes over the family nightclub — and soon learns his sibling's death wasn’t an accident.",2021,TV-MA
63,African America,A disgruntled South African woman leaves her fiancé and embezzles money from her job to pursue her dream of being a Broadway star in New York City.,2021,TV-MA
64,Bankrolled,Two directionless millennial bros get high and pitch a bold new social justice app that raises millions. Then they have to come up with the app.,2021,TV-MA
65,Blood Red Sky,"When a group of terrorists hijacks an overnight transatlantic flight, a mysteriously ill woman must unleash a monstrous secret to protect her young son.",2021,TV-MA
66,Kingdom: Ashin of the North,"Tragedy, betrayal and a mysterious discovery fuel a woman's vengeance for the loss of her tribe and family in this special episode of ""Kingdom.""",2021,TV-MA
67,The Last Letter From Your Lover,"After finding a trove of love letters from 1965, a reporter sets out to solve the mystery of a secret affair — while embarking on a romance of her own.",2021,TV-MA
68,9to5: The Story of a Movement,"In this documentary, female office workers in '70s Boston inspire change with a call for better pay, more opportunities and an end to sexual harassment.",2021,TV-MA
69,Cousins,"Separated as children, three cousins with an unshakeable bond confront their painful pasts and embark on an emotional journey to find each other.",2021,TV-MA
70,Deep,Four insomniac med school students are lured into a neuroscience experiment that spirals out of control — and must find a way out before it’s too late.,2021,TV-MA
71,Emicida: AmarElo - Live in São Paulo,"Brazilian rapper Emicida brings his progressive rhymes and eclectic beats to São Paulo's Theatro Municipal as he performs hits from the album ""AmarElo.""",2021,TV-MA
72,A Classic Horror Story,"In this gruesome suspense film, strangers traveling in southern Italy become stranded in the woods, where they must fight desperately to get out alive.",2021,TV-MA
73,Private Network: Who Killed Manuel Buendía?,A deep dive into the work of renowned Mexican journalist Manuel Buendía looks to unravel his murder and the ties between politics and drug trafficking.,2021,TV-MA
74,The Guide to the Perfect Family,"A couple in Québec deals with the pitfalls, pressure and high expectations of raising kids in a society obsessed with success and social media image.",2021,TV-MA
75,How I Became a Superhero,"In a world where humans and superheroes coexist, a lone wolf cop teams up with a bright detective to dismantle a dark plot to extract superpowers.",2021,TV-MA
76,Last Summer,"During summer vacation in a beachside town, 16-year-old Deniz seeks the affection of his childhood crush and navigates a love triangle.",2021,TV-MA
77,Major Grom: Plague Doctor,"When a masked vigilante’s killing spree throws a city into chaos, a renegade detective and his rookie partner are the only ones who can stop it.",2021,TV-MA
78,Haseen Dillruba,"Under investigation as a suspect in her husband’s murder, a wife reveals details of their thorny marriage that seem to only further blur the truth.",2021,TV-MA
79,America: The Motion Picture,A chainsaw-wielding George Washington teams with beer-loving bro Sam Adams to take down the Brits in a tongue-in-cheek riff on the American Revolution.,2021,TV-MA
80,Mommy Issues,Close quarters and new romances add trouble to the rocky relationship between a high-strung young woman and her demanding mother.,2021,TV-MA
81,Prime Time,"On New Year’s Eve 1999, an armed man enters a TV studio during a broadcast, takes the host hostage and makes one demand: to give a message live on air.",2021,TV-MA
82,Good on Paper,"After years of putting her career first, a stand-up comic meets a guy who seems perfect: smart, nice, successful... and possibly too good to be true.",2021,TV-MA
83,The House of Flowers: The Movie,The De La Mora siblings concoct a mischievous plan to break into their old family home to retrieve a hidden treasure of significant importance.,2021,TV-MA
84,A Family,"Taken in by the yakuza at a young age, Kenji swears allegiance to his old-school boss, pledging to adhere to the family code amid ever-changing times.",2021,TV-MA
85,Jagame Thandhiram,"When a clever, carefree gangster is recruited to help an overseas crime lord take down a rival, he is caught off guard by the moral dilemmas that follow.",2021,TV-MA
86,Security,"After the assault of a young woman in their seaside town, a security expert and his family get caught in a powerful riptide of secrets and lies.",2021,TV-MA
87,The Devil Below,"When a team of researchers tries to find out what started a fire in a coal mine, they quickly discover that the disaster is anything but natural.",2021,TV-MA
88,Bling Empire - The Afterparty,"The stars of ""Bling Empire"" discuss the show's success and play bling-themed games, then comic Joel Kim Booster makes his case for joining the cast.",2021,TV-MA
89,Cobra Kai - The Afterparty,"Ralph Macchio, William Zabka and more from the ""Cobra Kai"" cast drop by to chat Season 3 (spoilers ahead!), followed by Bill Burr of ""F Is for Family.""",2021,TV-MA
90,To All the Boys: Always and Forever - The Afterparty,"Cast members of the ""To All the Boys"" films dish about the third movie and answer some fan questions, plus Whitney Cummings gives suspect dating advice.",2021,TV-MA
91,Camellia Sisters,Tensions rise and untold secrets surface for three royal sisters when a family treasure is stolen the night before an antique auction.,2021,TV-MA
92,Awake,"After a global event wipes out humanity's ability to sleep, a troubled ex-soldier fights to save her family as society and her mind spiral into chaos.",2021,TV-MA
93,Tragic Jungle,"To escape an arranged marriage, a woman flees into the depths of the Mayan jungle, where untamed nature merges the human and the supernatural.",2021,TV-MA
94,Xtreme,"In this fast-paced and action-packed thriller, a retired hitman — along with his sister and a troubled teen — takes revenge on his lethal stepbrother.",2021,TV-MA
95,Alan Saldaña: Locked Up,"Mexican comedian Alan Saldaña is back, poking gentle fun at himself and parceling advice, especially about how to stay married and how to be parents.",2021,TV-MA
96,Dancing Queens,"A dancer who gets a job cleaning at a struggling drag club dreams of being in the show, and her talent catches an ambitious choreographer's eye.",2021,TV-MA
97,Carnaval,"After a breakup, an influencer takes her friends on a free trip to Bahia's vibrant Carnival, where she learns life's not just about social media likes.",2021,TV-MA
98,Bo Burnham: Inside,"A new comedy special shot and performed by Bo Burnham, alone, over the course of the past year.",2021,TV-MA
99,Ghost Lab,"After witnessing a haunting in their hospital, two doctors become dangerously obsessed with obtaining scientific proof that ghosts exist.",2021,TV-MA
100,Soy Rada: Serendipity,"The delightful Argentine comic Agustín Aristarán (aka Soy Rada) is back, this time putting the spotlight on family and parenting, magic and music.",2021,TV-MA
101,Ahaan,"Jilted by his wife, a man with OCD finds eye-opening common ground and camaraderie with his neighbor, a young man with Down Syndrome.",2021,TV-MA
102,Cinema Bandi,A struggling rickshaw driver’s life takes a rollicking turn when he comes upon an expensive camera and decides to make a film with his fellow villagers.,2021,TV-MA
103,Nayattu,Three police officers become pawns for unscrupulous lawmakers when they are framed in an incident amid political elections and must flee to evade arrest.,2021,TV-MA
104,The Disciple,"Self-doubt, sacrifice and struggle converge into an existential crisis for a devoted classical vocalist as the mastery he strives for remains elusive.",2021,TV-MA
105,Ajeeb Daastaans,Four shorts explore the surprising ways in which unexpected catalysts inflame the uncomfortable emotions simmering under fractured relationships.,2021,TV-MA
106,Irul,"When a car breakdown forces a couple to seek shelter in a nearby home, conversations with the stranger inside soon suggest there’s a killer among them.",2021,TV-MA
107,The Girl on the Train,A troubled divorcée fixates on a seemingly ideal couple from afar until a shocking observation sends her spiraling straight into a knotty murder case.,2021,TV-MA
108,Tribhanga - Tedhi Medhi Crazy,"When her estranged mother falls into a coma, a self-made single mom grapples with regret and resentment while reflecting on their strained relationship.",2021,TV-MA
109,Thimmarusu,"Eight years after a young man is framed for murder, an up-and-coming lawyer re-opens the case, beginning a tricky mission to find the real culprit.",2021,TV-14
110,99 Songs,"Challenged to compose 100 songs before he can marry the girl he loves, a tortured but passionate singer-songwriter embarks on a poignant musical journey.",2021,TV-14
111,Sardar Ka Grandson,"A devoted grandson’s mission to reunite his ailing grandmother with her ancestral home turns into a complicated, comic cross-border affair.",2021,TV-14
112,Milestone,"Recently marking 500,000 kilometers on the road, a newly bereaved trucker faces the threat of losing the job that has come to define him to a new intern.",2021,TV-14
113,Searching For Sheela,Journalists and fans await Ma Anand Sheela as the infamous former Rajneesh commune’s spokesperson returns to India after decades for an interview tour.,2021,TV-14
114,Tuesdays & Fridays,"To avoid the burden of commitment, a young lawyer and a writer agree to be romantic partners only two days a week. That won’t get complicated — right?",2021,TV-14
115,Roohi,"Hired to kidnap a bride, two bumbling pals face a wacky predicament when one falls for their abductee — and the other, for the spirit possessing her.",2021,TV-14
116,Mandela,"Amid a local election with two rivals vying to win by any means necessary, a barber lands in a curiously powerful position as the single deciding vote.",2021,TV-14
117,C/O Kaadhal,"Cutting across conventions and expectations, four brave love stories blossom in this Tamil remake of the 2018 Telugu film ""Care of Kancharapalem.”",2021,TV-14
118,Aelay,"A son stoically returns to his village upon his father’s death, recalling their chilly dynamic before a bizarre event disrupts his visit.",2021,TV-14
119,Red,"A murder investigation leads police to a photo of a suspect, but when two men are found with faces that match the picture, the case gets doubly tricky.",2021,TV-14
120,The White Tiger,The ambitious driver for a rich Indian family uses his wit and cunning to escape from poverty and become an entrepreneur. Based on the bestselling novel.,2021,R
121,Bombay Rose,"Amidst the bustle of a magnetic and multifaceted city, the budding love between two dreamers is tested.",2021,PG-13
122,Skater Girl,"When a teen in rural India discovers a life-changing passion for skateboarding, she faces a rough road as she follows her dream to compete.",2021,PG
123,Fukrey Boyzzz: Space Mein Fukrapanti,"After a foreboding dream about aliens comes true, a fun-loving trio must prevent human intelligence from being stolen from planet Earth.",2020,TV-Y7
124,A truthful Mother,"Facing a drought, a hungry tiger and a noble cow have an extraordinary encounter in this fable based on a children’s book and a Kannada folk song.",2020,TV-Y7
125,Time to Dance,"When a ballroom dancer’s shot at a crucial tournament is jeopardized, a street dancer must face his own painful past and step up as her new partner.",2020,TV-PG
126,One,A formidable Kerala chief minister’s party loyalties and personal principles are tested when a damning social media post sparks a heated power struggle.,2020,TV-PG
127,Miss India,"Uprooted to America, an aspiring Indian entrepreneur confronts disapproval, sexism and rivalry as she draws from her culture to start a tea business.",2020,TV-PG
128,Rooting for Roona,"In rural India, a child with hydrocephalus gets a chance at life-changing surgery after her photos go viral. This documentary charts her journey.",2020,TV-PG
129,Kilometers and Kilometers,"When a debt-ridden man reluctantly agrees to drive an American tourist around India, their stark differences lead to bickering… and unexpected bonding.",2020,TV-MA
130,AK vs AK,"After a public spat with a movie star, a disgraced director retaliates by kidnapping the actor’s daughter, filming the search for her in real time.",2020,TV-MA
131,Vir Das: Outside In - The Lockdown Special,Stage banter takes on a different — deeper — meaning as the comedian performs online shows to homebound viewers worldwide from his Mumbai residence.,2020,TV-MA
132,Torbaaz,"At an Afghanistan refugee camp, an ex-army doctor seeks to bring children joy through cricket — and soon realizes that the stakes go beyond the sport.",2020,TV-MA
133,Ludo,"From a resurfaced sex tape to a rogue suitcase of money, four wildly different stories overlap at the whims of fate, chance and one eccentric criminal.",2020,TV-MA
134,Ginny Weds Sunny,"Eager to marry but constantly rejected by women, a bachelor hopes to win over a former crush by accepting help from an unlikely source: her mother.",2020,TV-MA
135,Serious Men,"When a slum dweller spins a web of lies in pursuit of the upward mobility he has long craved, his ruse could be especially dangerous for his young son.",2020,TV-MA
136,Dolly Kitty Aur Woh Chamakte Sitare,"A disillusioned Delhi wife and her new-in-town cousin navigate damning secrets, dreams and their thorny dynamic on their respective roads to freedom.",2020,TV-MA
137,Raat Akeli Hai,"When a newly married landlord is murdered, a misfit cop’s investigation is complicated by the victim’s secretive family and his own conflicted heart.",2020,TV-MA
138,Uma Maheswara Ugra Roopasya,"Defeated and humiliated in a fight while trying to defuse a conflict among his fellow villagers, a photographer vows revenge on his attacker.",2020,TV-MA
139,Krishna and His Leela,"Torn between his past and present girlfriends, a confused bachelor’s indecisiveness spins a web of lies and cheating as he struggles to commit.",2020,TV-MA
140,Bulbbul,"A child bride grows up to be an enigmatic woman presiding over her household, harboring a painful past as supernatural murders of men plague her village.",2020,TV-MA
141,Chaman Bahaar,"A local shop becomes a hub for young men taken with the new neighbor. But as business booms, it may leave the equally smitten storeowner heartbroken.",2020,TV-MA
142,Axone,"In Delhi, friends from Northeast India prepare a pungent delicacy for a wedding party, sparking conflict and comedy with their unaccustomed neighbors.",2020,TV-MA
143,Kenny Sebastian: The Most Interesting Person in the Room,"Fusing his musical and stand-up chops, Kenny Sebastian gets analytical about frumpy footwear, flightless birds and his fear of not being funny enough.",2020,TV-MA
144,What Are the Odds?,"When two unlikely friends play hooky from school, accidental encounters and otherworldly events turn their day into a whimsical coming-of-age journey.",2020,TV-MA
145,Malang,"Years after a police encounter separates him from his lover, an angry young man goes on a killing spree, with an equally vengeful cop on his heels.",2020,TV-MA
146,Mrs. Serial Killer,"When a doctor gets jailed for a string of shocking murders, his loyal wife sets out to commit a copycat crime to prove his innocence.",2020,TV-MA
147,Psycho,"As a visually impaired man attempts to rescue his love interest from a serial killer, the dark story behind the murderer’s disturbing psyche emerges.",2020,TV-MA
148,Love Aaj Kal,"When professional ambitions clash with personal feelings for a modern-day couple, a love story from a bygone decade may offer some wisdom.",2020,TV-MA
149,The Lift Boy,"When a lazy young man replaces his father as the elevator operator of a posh residential complex, what he sees as menial work soon takes on new meaning.",2020,TV-MA
150,"Yours Sincerely, Kanan Gill","Revisiting life goals set in a letter written as a teen to his future self, comedian Kanan Gill reports back on if he's lived up to his own expectations.",2020,TV-MA
151,World Famous Lover,"When his frustrated girlfriend decides to leave him, a struggling writer gets down to work on stories of romance he hopes will win her back.",2020,TV-MA
152,SETHUM AAYIRAM PON,"Meeting after many years, a makeup artist and her grandmother revisit tensions from an old family feud that still hang heavy between them.",2020,TV-MA
153,Maska,"Determined to make it in showbiz, an aspiring young actor considers turning his back on the beloved Irani café run by his family for generations.",2020,TV-MA
154,Jai Mummy Di,"Sick of keeping their love a secret from their constantly bickering mothers, a young couple seeks to uncover the cause of the women’s longstanding war.",2020,TV-MA
155,Guilty,"When a college heartthrob is accused of rape by a less popular student, his girlfriend navigates various versions of the story in search of the truth.",2020,TV-MA
156,Yeh Ballet,"Discovered by an eccentric ballet master, two gifted but underprivileged Mumbai teens face bigotry and disapproval as they pursue their dancing dreams.",2020,TV-MA
157,Vir Das: For India,"From the Vedas to Vasco da Gama to vacuous Bollywood plotlines, comedian Vir Das celebrates the history of India with his one-of-a-kind perspective.",2020,TV-MA
158,Ghost Stories,"The directors of Emmy-nominated ""Lust Stories"" (Zoya Akhtar, Anurag Kashyap, Dibakar Banerjee and Karan Johar) reunite for this quartet of thrillers.",2020,TV-MA
159,Shikara,A couple must strive to remain resilient after regional hostilities drive them from their beloved home into a refugee camp.,2020,TV-14
160,Har Kisse Ke Hisse: Kaamyaab,"After a career of thankless credits, a retired actor returns for a long-awaited leading role but finds he is utterly unprepared for new-age filmmaking.",2020,TV-14
161,Uppena,"The son of a fishing community falls for a village head's daughter, but they face violent opposition from the girl’s doggedly old-fashioned father.",2020,TV-14
162,Madam Chief Minister,"Rising from disadvantage to become a state leader, a tenacious politician learns that with great power comes great responsibility, ruthlessness and risk.",2020,TV-14
163,Indoo Ki Jawani,"A spirited but naive young woman seeks a one-night stand, but after discovering her date’s real identity, things quickly go from casual to complicated.",2020,TV-14
164,Love,The troubling inner workings of a toxic marriage reveal themselves in surprising ways after one of the couple’s feuds spins out of control.,2020,TV-14
165,Andhakaaram,"As a blind librarian, dispirited cricketer and desolate psychiatrist each seek retribution and release, their lives overlap under eerie influences.",2020,TV-14
166,Kaali Khuhi,"When a restless spirit curses a village that has a history of female infanticide, the town's fate lies in the hands of a 10-year-old girl.",2020,TV-14
167,Cargo,"Aboard a spaceship where souls of the deceased are readied for reincarnation, a lone crew member’s rigid existence is disrupted by a spry new assistant.",2020,TV-14
168,Maniyarayile Ashokan,"When his unlucky horoscope doesn’t bode well for his future wife, an earnest bachelor goes to surprising lengths to get the family he’s always wanted.",2020,TV-14
169,Class of '83,"Demoted to an academy job, a cop trains five foolhardy students as assassins in his risky revenge plot against police corruption and the underworld.",2020,TV-14
170,Gunjan Saxena: The Kargil Girl,Flight Lieutenant Gunjan Saxena makes history in her journey from aspiring aviator to India’s first female combat pilot in the Kargil War.,2020,TV-14
171,Door Ke Darshan,"When a matriarch wakes from a 30-year coma, her wacky family frantically recreates a bygone era to keep her from noticing how much time has passed.",2020,TV-14
172,Kappela,"Falling into an over-the-phone romance with a rickshaw driver, a young woman visits his city when an encounter with a stranger derails their meeting.",2020,TV-14
173,Asura Guru,"For a tech-savvy thief, elaborate robberies and evading the police are second nature until a private detective is hired to investigate his latest heist.",2020,TV-14
174,Forensic,"A pair of officers with history navigates clues from the past, false leads and a ticking clock to nab an elusive serial killer who targets young girls.",2020,TV-14
175,Choked: Paisa Bolta Hai,A bank employee weighed down by her jobless husband's debts — and her own broken dreams — finds a secret source of seemingly unlimited cash in her home.,2020,TV-14
176,Chippa,"At midnight on his 10th birthday, a boy scours the lesser-known Kolkata streets in search of a father he’s never met, carrying a letter he can’t read.",2020,TV-14
177,Bheeshma,"Tired of being single, a smart-aleck meme creator has a chance to prove himself to the girl he loves when he is suddenly appointed CEO of her workplace.",2020,TV-14
178,Varane Avashyamund,"At an apartment complex, the lives of a mother, a daughter seeking an arranged marriage, a military retiree and a young man become intertwined.",2020,TV-14
179,Kannum Kannum Kollaiyadithaal,"A carefree racing enthusiast’s womanizing ways end when he meets the girl of his dreams, but their newfound peace is disrupted by a dangerous killer.",2020,TV-14
180,Ala Vaikunthapurramuloo,"After growing up enduring criticism from his father, a young man finds his world shaken upon learning he was switched at birth with a millionaire’s son.",2020,TV-14
181,Shimla Mirchi,"A young man who gets tongue-tied around women writes a love letter to his crush, but it ends up in the hands of her mother, who thinks it's for her.",2020,TV-14
182,The Trial of the Chicago 7,What was supposed to be a peaceful protest turned into a violent clash with the police. What followed was one of the most notorious trials in history.,2020,R
183,Chhota Bheem Kungfu Dhamaka,Chhota Bheem is in China for a martial arts competition but his real challenge: to save the emperor’s daughter from being kidnapped by the villain Zuhu!,2019,TV-Y7
184,Bhai: Vyakti Ki Valli - Uttarardh,"The second installment of P.L. Deshpande’s biopic explores the Marathi humorist’s political journey, philanthropic endeavors and personal life.",2019,TV-PG
185,Mischief,"Mistaking the sleeping passenger on his train for a drunk, a young man posts a picture of him online, unaware of his impulsive act's ugly repercussions.",2019,TV-PG
186,Baby Dolls,"When two sisters travel from Canada to Punjab to visit their maternal family, they discover an opportunity to mend a broken bond with their grandmother.",2019,TV-PG
187,Kaake Da Viyah,"In this zany comedy, a man is torn between the girl he loves and the respective women his warring mother and grandmother have chosen for him to marry.",2019,TV-PG
188,Luka Chuppi,"Pretending to marry in order to cohabitate, a small-town couple lands in endless awkward situations to hide the truth from their orthodox families.",2019,TV-PG
189,Norm of the North: Keys to the Kingdom,"When Norm the polar bear is framed for a crime he didn’t commit, his friends step up to help him clear his name.",2019,TV-PG
190,Norm of the North: King Sized Adventure,"Before planning an awesome wedding for his grandfather, a polar bear king must take back a stolen artifact from an evil archaeologist first.",2019,TV-PG
191,Eeb Allay Ooo!,"Hired as a monkey repeller upon moving to Delhi, a young man struggles to find his footing in his unenviable job and his place in the unforgiving world.",2019,TV-MA
192,Mundina Nildana,"As three young professionals chase their wildly different dreams, their relationships with each other indelibly impact their journeys of self-discovery.",2019,TV-MA
193,Kaagar,"When an activist begins aiding a shrewd political advisor — also his girlfriend’s father, personal agendas lead to betrayal as love and duty clash.",2019,TV-MA
194,Seven (Tamil),"Multiple women report their husbands as missing but when it appears they are looking for the same man, a police officer traces their cryptic connection.",2019,TV-MA
195,Paharganj,"In the underbelly of a Delhi neighborhood, a woman’s search for her missing lover collides with drugs, death and a coach grappling with his demons.",2019,TV-MA
196,Made in China,"After a trip to China, a struggling entrepreneur returns to India as the supplier of an illegal aphrodisiac — but all he ends up stimulating is chaos.",2019,TV-MA
197,Albert Pinto Ko Gussa Kyun Aata Hai?,"As the police investigate his disappearance, a young man heads to Goa to carry out an act of vengeance fueled by years of pent-up anger toward society.",2019,TV-MA
